{
  "split_info": {
    "n_train": 5400,
    "n_cal": 1800,
    "n_test": 1800,
    "transition_threshold": 0.018769927322864532,
    "transition_count_test": 1385,
    "steady_count_test": 152
  },
  "raw_svr": {
    "cfg": {
      "C": 10.0,
      "epsilon": 0.05
    },
    "cal_mae": 28.715707778930664,
    "metrics": {
      "mae": [
        49.05487823486328,
        1.6337225437164307
      ],
      "rmse": [
        75.14096069335938,
        2.6221683025360107
      ],
      "r2": [
        0.6967623096948404,
        -35.534712624832274
      ],
      "picp": [
        0.9238888888888889,
        0.8861111111111111
      ],
      "mpiw": [
        275.65765380859375,
        6.798859596252441
      ],
      "transition_mae": [
        45.103694915771484,
        1.6310505867004395
      ],
      "steady_mae": [
        70.89306640625,
        1.4436687231063843
      ]
    }
  },
  "temporal_svr": {
    "cfg": {
      "C": 10.0,
      "epsilon": 0.1
    },
    "cal_mae": 27.658754348754883,
    "metrics": {
      "mae": [
        48.3299446105957,
        1.6302529573440552
      ],
      "rmse": [
        74.813232421875,
        2.633845567703247
      ],
      "r2": [
        0.6994016156824132,
        -35.860824556985975
      ],
      "picp": [
        0.9233333333333333,
        0.8877777777777778
      ],
      "mpiw": [
        274.9409484863281,
        6.539976119995117
      ],
      "transition_mae": [
        44.36172866821289,
        1.6320247650146484
      ],
      "steady_mae": [
        70.17401123046875,
        1.3914170265197754
      ]
    }
  },
  "route_b": {
    "cfg": {
      "expert_idx": 27,
      "score_type": "diff_mean_abs",
      "threshold_source": "train",
      "gate_mode": "binary",
      "quantile": 0.7,
      "delta_clip_quantile": 1.0,
      "g_co": 1.25,
      "g_eth": 0.5,
      "expert": {
        "blend_name": "raw_temporal_temporal_biased",
        "member_indices": [
          6,
          10
        ],
        "member_families": [
          "weighted_raw",
          "weighted_temporal"
        ],
        "weights": [
          0.3499999940395355,
          0.6499999761581421
        ]
      },
      "expert_family": "blend_expert",
      "fallback_raw": false
    },
    "cal_mae": 28.622573852539062,
    "lag_proxy": {
      "raw_train": 0.0,
      "route_b_train": 0.0,
      "worsen_pct": 0.0
    },
    "metrics": {
      "mae": [
        47.72775650024414,
        1.5951173305511475
      ],
      "rmse": [
        75.32794189453125,
        2.6156744956970215
      ],
      "r2": [
        0.6952509380058332,
        -35.35398519961234
      ],
      "picp": [
        0.9211111111111111,
        0.8894444444444445
      ],
      "mpiw": [
        277.6855773925781,
        6.721683979034424
      ],
      "transition_mae": [
        43.378868103027344,
        1.580876350402832
      ],
      "steady_mae": [
        70.89306640625,
        1.4436687231063843
      ]
    },
    "gate_seed": {
      "full_noninferior": true,
      "transition_improve_pct": 3.7980329837204048,
      "transition_ok": true,
      "picp_drop_max": 0.002777777777777768,
      "picp_ok": true,
      "all_ok": true
    }
  },
  "route_c": {
    "cfg": {
      "mode": "raw_fallback"
    },
    "cal_mae": 28.715707778930664,
    "metrics": {
      "mae": [
        49.05487823486328,
        1.6337225437164307
      ],
      "rmse": [
        75.14096069335938,
        2.6221683025360107
      ],
      "r2": [
        0.6967623096948404,
        -35.534712624832274
      ],
      "picp": [
        0.9238888888888889,
        0.8861111111111111
      ],
      "mpiw": [
        275.65765380859375,
        6.798859596252441
      ],
      "transition_mae": [
        45.103694915771484,
        1.6310505867004395
      ],
      "steady_mae": [
        70.89306640625,
        1.4436687231063843
      ]
    }
  }
}