{
  "split_info": {
    "n_train": 5400,
    "n_cal": 1800,
    "n_test": 1800,
    "transition_threshold": 0.023886604607105254,
    "transition_count_test": 723,
    "steady_count_test": 134
  },
  "raw_svr": {
    "cfg": {
      "C": 5.0,
      "epsilon": 0.05
    },
    "cal_mae": 2.5098536014556885,
    "metrics": {
      "mae": [
        42.09147644042969,
        3.126925230026245
      ],
      "rmse": [
        75.00655364990234,
        4.997241973876953
      ],
      "r2": [
        0.8076886790661284,
        0.5271058697439813
      ],
      "picp": [
        0.5555555555555556,
        0.9233333333333333
      ],
      "mpiw": [
        17.772769927978516,
        16.139511108398438
      ],
      "transition_mae": [
        59.66313934326172,
        3.305631637573242
      ],
      "steady_mae": [
        1.6602998971939087,
        3.8624112606048584
      ]
    }
  },
  "temporal_svr": {
    "cfg": {
      "C": 5.0,
      "epsilon": 0.05
    },
    "cal_mae": 2.4047038555145264,
    "metrics": {
      "mae": [
        41.7403564453125,
        3.185573101043701
      ],
      "rmse": [
        74.61363220214844,
        5.035120487213135
      ],
      "r2": [
        0.8096982996000623,
        0.5199094920351429
      ],
      "picp": [
        0.5444444444444444,
        0.9233333333333333
      ],
      "mpiw": [
        16.33829689025879,
        16.19228744506836
      ],
      "transition_mae": [
        59.40941619873047,
        3.3783156871795654
      ],
      "steady_mae": [
        1.2743782997131348,
        3.8909337520599365
      ]
    }
  },
  "route_b": {
    "cfg": {
      "expert_idx": 27,
      "score_type": "diff_mean_abs",
      "threshold_source": "train",
      "gate_mode": "binary",
      "quantile": 0.7,
      "delta_clip_quantile": 1.0,
      "g_co": 1.25,
      "g_eth": 0.5,
      "expert": {
        "blend_name": "raw_temporal_temporal_biased",
        "member_indices": [
          6,
          10
        ],
        "member_families": [
          "weighted_raw",
          "weighted_temporal"
        ],
        "weights": [
          0.3499999940395355,
          0.6499999761581421
        ]
      },
      "expert_family": "blend_expert",
      "fallback_raw": true
    },
    "cal_mae": 2.377110004425049,
    "lag_proxy": {
      "raw_train": 0.0,
      "route_b_train": 0.0,
      "worsen_pct": 0.0
    },
    "metrics": {
      "mae": [
        39.36970901489258,
        3.126925230026245
      ],
      "rmse": [
        72.20091247558594,
        4.997241973876953
      ],
      "r2": [
        0.8218066511958252,
        0.5271058697439813
      ],
      "picp": [
        0.5416666666666666,
        0.9233333333333333
      ],
      "mpiw": [
        15.853629112243652,
        16.139196395874023
      ],
      "transition_mae": [
        52.886993408203125,
        3.305631637573242
      ],
      "steady_mae": [
        1.6602998971939087,
        3.8624112606048584
      ]
    },
    "gate_seed": {
      "full_noninferior": true,
      "transition_improve_pct": 10.7611214726118,
      "transition_ok": true,
      "picp_drop_max": 0.01388888888888895,
      "picp_ok": true,
      "all_ok": true
    }
  },
  "route_c": {
    "cfg": {
      "mode": "raw_fallback"
    },
    "cal_mae": 2.5098536014556885,
    "metrics": {
      "mae": [
        42.09147644042969,
        3.126925230026245
      ],
      "rmse": [
        75.00655364990234,
        4.997241973876953
      ],
      "r2": [
        0.8076886790661284,
        0.5271058697439813
      ],
      "picp": [
        0.5555555555555556,
        0.9233333333333333
      ],
      "mpiw": [
        17.772769927978516,
        16.139511108398438
      ],
      "transition_mae": [
        59.66313934326172,
        3.305631637573242
      ],
      "steady_mae": [
        1.6602998971939087,
        3.8624112606048584
      ]
    }
  }
}