{
  "split_info": {
    "n_train": 5400,
    "n_cal": 1800,
    "n_test": 1800,
    "transition_threshold": 0.04093894772231579,
    "transition_count_test": 511,
    "steady_count_test": 369
  },
  "raw_svr": {
    "cfg": {
      "C": 2.0,
      "epsilon": 0.05
    },
    "cal_mae": 27.66700553894043,
    "metrics": {
      "mae": [
        58.35348129272461,
        3.8885467052459717
      ],
      "rmse": [
        59.69491958618164,
        4.740521430969238
      ],
      "r2": [
        -6.4142665e+18,
        0.4988199069496412
      ],
      "picp": [
        0.9822222222222222,
        0.9594444444444444
      ],
      "mpiw": [
        168.414794921875,
        22.499370574951172
      ],
      "transition_mae": [
        64.67293548583984,
        4.326702117919922
      ],
      "steady_mae": [
        50.701107025146484,
        4.101039886474609
      ]
    }
  },
  "temporal_svr": {
    "cfg": {
      "C": 2.0,
      "epsilon": 0.05
    },
    "cal_mae": 27.99708366394043,
    "metrics": {
      "mae": [
        59.13546371459961,
        3.916973352432251
      ],
      "rmse": [
        60.36283874511719,
        4.755005359649658
      ],
      "r2": [
        -6.558608e+18,
        0.49575238131191035
      ],
      "picp": [
        0.985,
        0.96
      ],
      "mpiw": [
        171.35617065429688,
        22.52352523803711
      ],
      "transition_mae": [
        65.30244445800781,
        4.3497843742370605
      ],
      "steady_mae": [
        51.73646545410156,
        4.1345672607421875
      ]
    }
  },
  "route_b": {
    "cfg": {
      "expert_idx": 27,
      "score_type": "diff_mean_abs",
      "threshold_source": "train",
      "gate_mode": "binary",
      "quantile": 0.7,
      "delta_clip_quantile": 1.0,
      "g_co": 1.25,
      "g_eth": 0.5,
      "expert": {
        "blend_name": "raw_temporal_temporal_biased",
        "member_indices": [
          6,
          10
        ],
        "member_families": [
          "weighted_raw",
          "weighted_temporal"
        ],
        "weights": [
          0.3499999940395355,
          0.6499999761581421
        ]
      },
      "expert_family": "blend_expert",
      "fallback_raw": true
    },
    "cal_mae": 27.66700553894043,
    "lag_proxy": {
      "raw_train": 0.0,
      "route_b_train": 0.0,
      "worsen_pct": 0.0
    },
    "metrics": {
      "mae": [
        58.35348129272461,
        3.8885467052459717
      ],
      "rmse": [
        59.69491958618164,
        4.740521430969238
      ],
      "r2": [
        -6.4142665e+18,
        0.4988199069496412
      ],
      "picp": [
        0.9822222222222222,
        0.9594444444444444
      ],
      "mpiw": [
        168.4164276123047,
        22.499683380126953
      ],
      "transition_mae": [
        64.67293548583984,
        4.326702117919922
      ],
      "steady_mae": [
        50.701107025146484,
        4.101039886474609
      ]
    },
    "gate_seed": {
      "full_noninferior": true,
      "transition_improve_pct": 0.0,
      "transition_ok": false,
      "picp_drop_max": 0.0,
      "picp_ok": true,
      "all_ok": false
    }
  },
  "route_c": {
    "cfg": {
      "mode": "raw_fallback"
    },
    "cal_mae": 27.66700553894043,
    "metrics": {
      "mae": [
        58.35348129272461,
        3.8885467052459717
      ],
      "rmse": [
        59.69491958618164,
        4.740521430969238
      ],
      "r2": [
        -6.4142665e+18,
        0.4988199069496412
      ],
      "picp": [
        0.9822222222222222,
        0.9594444444444444
      ],
      "mpiw": [
        168.414794921875,
        22.499370574951172
      ],
      "transition_mae": [
        64.67293548583984,
        4.326702117919922
      ],
      "steady_mae": [
        50.701107025146484,
        4.101039886474609
      ]
    }
  }
}