{
  "split_info": {
    "n_train": 5400,
    "n_cal": 1800,
    "n_test": 1800,
    "transition_threshold": 0.060135184228420256,
    "transition_count_test": 625,
    "steady_count_test": 563
  },
  "raw_svr": {
    "cfg": {
      "C": 10.0,
      "epsilon": 0.1
    },
    "cal_mae": 106.9657974243164,
    "metrics": {
      "mae": [
        161.75328063964844,
        1.972839117050171
      ],
      "rmse": [
        174.2935028076172,
        3.13421368598938
      ],
      "r2": [
        -0.9155199818848081,
        0.00029428620962679286
      ],
      "picp": [
        0.9977777777777778,
        0.9916666666666667
      ],
      "mpiw": [
        473.451171875,
        17.594482421875
      ],
      "transition_mae": [
        174.2532196044922,
        1.7157411575317383
      ],
      "steady_mae": [
        145.25927734375,
        2.6061275005340576
      ]
    }
  },
  "temporal_svr": {
    "cfg": {
      "C": 10.0,
      "epsilon": 0.1
    },
    "cal_mae": 106.83789825439453,
    "metrics": {
      "mae": [
        161.57310485839844,
        1.9837310314178467
      ],
      "rmse": [
        173.9814910888672,
        3.134493112564087
      ],
      "r2": [
        -0.9086672323460427,
        0.00011473297253361547
      ],
      "picp": [
        1.0,
        1.0
      ],
      "mpiw": [
        472.52783203125,
        17.56045150756836
      ],
      "transition_mae": [
        173.9755401611328,
        1.7311090230941772
      ],
      "steady_mae": [
        145.20733642578125,
        2.611786365509033
      ]
    }
  },
  "route_b": {
    "cfg": {
      "expert_idx": 27,
      "score_type": "diff_mean_abs",
      "threshold_source": "train",
      "gate_mode": "binary",
      "quantile": 0.7,
      "delta_clip_quantile": 1.0,
      "g_co": 1.25,
      "g_eth": 0.5,
      "expert": {
        "blend_name": "raw_temporal_temporal_biased",
        "member_indices": [
          6,
          10
        ],
        "member_families": [
          "weighted_raw",
          "weighted_temporal"
        ],
        "weights": [
          0.3499999940395355,
          0.6499999761581421
        ]
      },
      "expert_family": "blend_expert",
      "fallback_raw": true
    },
    "cal_mae": 106.96240997314453,
    "lag_proxy": {
      "raw_train": 0.0,
      "route_b_train": 0.0,
      "worsen_pct": 0.0
    },
    "metrics": {
      "mae": [
        161.75328063964844,
        1.990051507949829
      ],
      "rmse": [
        174.2935028076172,
        3.137608289718628
      ],
      "r2": [
        -0.9155199818848081,
        -0.0018726099597936585
      ],
      "picp": [
        0.9977777777777778,
        0.9816666666666667
      ],
      "mpiw": [
        473.4422302246094,
        17.59177017211914
      ],
      "transition_mae": [
        174.2532196044922,
        1.765315055847168
      ],
      "steady_mae": [
        145.25927734375,
        2.6061275005340576
      ]
    },
    "gate_seed": {
      "full_noninferior": false,
      "transition_improve_pct": -0.028171956065860752,
      "transition_ok": false,
      "picp_drop_max": 0.010000000000000009,
      "picp_ok": true,
      "all_ok": false
    }
  },
  "route_c": {
    "cfg": {
      "mode": "raw_fallback"
    },
    "cal_mae": 106.9657974243164,
    "metrics": {
      "mae": [
        161.75328063964844,
        1.972839117050171
      ],
      "rmse": [
        174.2935028076172,
        3.13421368598938
      ],
      "r2": [
        -0.9155199818848081,
        0.00029428620962679286
      ],
      "picp": [
        0.9977777777777778,
        0.9916666666666667
      ],
      "mpiw": [
        473.451171875,
        17.594482421875
      ],
      "transition_mae": [
        174.2532196044922,
        1.7157411575317383
      ],
      "steady_mae": [
        145.25927734375,
        2.6061275005340576
      ]
    }
  }
}