{
  "split_info": {
    "n_train": 5400,
    "n_cal": 1800,
    "n_test": 1800,
    "transition_threshold": 0.01760494392365217,
    "transition_count_test": 1272,
    "steady_count_test": 96
  },
  "raw_svr": {
    "cfg": {
      "C": 10.0,
      "epsilon": 0.1
    },
    "cal_mae": 17.455217361450195,
    "metrics": {
      "mae": [
        55.026390075683594,
        1.6235768795013428
      ],
      "rmse": [
        84.02114868164062,
        2.542454719543457
      ],
      "r2": [
        0.6140727656105995,
        -9.814554278786131
      ],
      "picp": [
        0.7627777777777778,
        0.9883333333333333
      ],
      "mpiw": [
        124.29220581054688,
        19.7225399017334
      ],
      "transition_mae": [
        52.311038970947266,
        1.7097628116607666
      ],
      "steady_mae": [
        57.48359298706055,
        1.1921778917312622
      ]
    }
  },
  "temporal_svr": {
    "cfg": {
      "C": 10.0,
      "epsilon": 0.05
    },
    "cal_mae": 16.920936584472656,
    "metrics": {
      "mae": [
        52.37314224243164,
        1.6115655899047852
      ],
      "rmse": [
        82.65860748291016,
        2.5644304752349854
      ],
      "r2": [
        0.6264876446477046,
        -10.002312980031846
      ],
      "picp": [
        0.7705555555555555,
        0.9866666666666667
      ],
      "mpiw": [
        118.8179931640625,
        19.669471740722656
      ],
      "transition_mae": [
        49.8393440246582,
        1.6963437795639038
      ],
      "steady_mae": [
        54.790531158447266,
        1.1934367418289185
      ]
    }
  },
  "route_b": {
    "cfg": {
      "expert_idx": 27,
      "score_type": "diff_mean_abs",
      "threshold_source": "train",
      "gate_mode": "binary",
      "quantile": 0.7,
      "delta_clip_quantile": 1.0,
      "g_co": 1.25,
      "g_eth": 0.5,
      "expert": {
        "blend_name": "raw_temporal_temporal_biased",
        "member_indices": [
          6,
          10
        ],
        "member_families": [
          "weighted_raw",
          "weighted_temporal"
        ],
        "weights": [
          0.3499999940395355,
          0.6499999761581421
        ]
      },
      "expert_family": "blend_expert",
      "fallback_raw": false
    },
    "cal_mae": 17.362836837768555,
    "lag_proxy": {
      "raw_train": 0.0,
      "route_b_train": 0.0,
      "worsen_pct": 0.0
    },
    "metrics": {
      "mae": [
        53.1165771484375,
        1.6173771619796753
      ],
      "rmse": [
        83.42621612548828,
        2.5512213706970215
      ],
      "r2": [
        0.6195184298740664,
        -9.889264010343842
      ],
      "picp": [
        0.7455555555555555,
        0.9877777777777778
      ],
      "mpiw": [
        118.24879455566406,
        19.765195846557617
      ],
      "transition_mae": [
        49.60847854614258,
        1.7009897232055664
      ],
      "steady_mae": [
        57.48359298706055,
        1.1921778917312622
      ]
    },
    "gate_seed": {
      "full_noninferior": true,
      "transition_improve_pct": 5.019054556374059,
      "transition_ok": true,
      "picp_drop_max": 0.01722222222222225,
      "picp_ok": true,
      "all_ok": true
    }
  },
  "route_c": {
    "cfg": {
      "mode": "raw_fallback"
    },
    "cal_mae": 17.455217361450195,
    "metrics": {
      "mae": [
        55.026390075683594,
        1.6235768795013428
      ],
      "rmse": [
        84.02114868164062,
        2.542454719543457
      ],
      "r2": [
        0.6140727656105995,
        -9.814554278786131
      ],
      "picp": [
        0.7627777777777778,
        0.9883333333333333
      ],
      "mpiw": [
        124.29220581054688,
        19.7225399017334
      ],
      "transition_mae": [
        52.311038970947266,
        1.7097628116607666
      ],
      "steady_mae": [
        57.48359298706055,
        1.1921778917312622
      ]
    }
  }
}