{
  "split_info": {
    "n_train": 5400,
    "n_cal": 1800,
    "n_test": 1800,
    "transition_threshold": 0.02188783697783947,
    "transition_count_test": 623,
    "steady_count_test": 282
  },
  "raw_svr": {
    "cfg": {
      "C": 10.0,
      "epsilon": 0.05
    },
    "cal_mae": 7.706130027770996,
    "metrics": {
      "mae": [
        60.10684585571289,
        1.8874157667160034
      ],
      "rmse": [
        87.52955627441406,
        2.8247997760772705
      ],
      "r2": [
        0.5326315275052231,
        0.5969471695312827
      ],
      "picp": [
        0.2866666666666667,
        0.9005555555555556
      ],
      "mpiw": [
        49.4881591796875,
        10.948294639587402
      ],
      "transition_mae": [
        64.57231903076172,
        1.2920490503311157
      ],
      "steady_mae": [
        71.95146179199219,
        2.3893775939941406
      ]
    }
  },
  "temporal_svr": {
    "cfg": {
      "C": 10.0,
      "epsilon": 0.05
    },
    "cal_mae": 7.769084930419922,
    "metrics": {
      "mae": [
        59.21127700805664,
        1.919312596321106
      ],
      "rmse": [
        86.99238586425781,
        2.8338353633880615
      ],
      "r2": [
        0.5383505758937456,
        0.5943647236956149
      ],
      "picp": [
        0.29333333333333333,
        0.9016666666666666
      ],
      "mpiw": [
        48.45220947265625,
        10.803251266479492
      ],
      "transition_mae": [
        63.907039642333984,
        1.325682282447815
      ],
      "steady_mae": [
        71.17386627197266,
        2.3678016662597656
      ]
    }
  },
  "route_b": {
    "cfg": {
      "expert_idx": 27,
      "score_type": "diff_mean_abs",
      "threshold_source": "train",
      "gate_mode": "binary",
      "quantile": 0.7,
      "delta_clip_quantile": 1.0,
      "g_co": 1.25,
      "g_eth": 0.5,
      "expert": {
        "blend_name": "raw_temporal_temporal_biased",
        "member_indices": [
          6,
          10
        ],
        "member_families": [
          "weighted_raw",
          "weighted_temporal"
        ],
        "weights": [
          0.3499999940395355,
          0.6499999761581421
        ]
      },
      "expert_family": "blend_expert",
      "fallback_raw": false
    },
    "cal_mae": 7.6567535400390625,
    "lag_proxy": {
      "raw_train": 0.0,
      "route_b_train": 0.0,
      "worsen_pct": 0.0
    },
    "metrics": {
      "mae": [
        59.91798782348633,
        1.8660703897476196
      ],
      "rmse": [
        87.13426971435547,
        2.8105862140655518
      ],
      "r2": [
        0.5368432639600211,
        0.6009928533587525
      ],
      "picp": [
        0.2788888888888889,
        0.9005555555555556
      ],
      "mpiw": [
        48.51502990722656,
        10.924479484558105
      ],
      "transition_mae": [
        64.0267105102539,
        1.2303712368011475
      ],
      "steady_mae": [
        71.95146179199219,
        2.3893775939941406
      ]
    },
    "gate_seed": {
      "full_noninferior": true,
      "transition_improve_pct": 0.9220255985604622,
      "transition_ok": false,
      "picp_drop_max": 0.007777777777777772,
      "picp_ok": true,
      "all_ok": false
    }
  },
  "route_c": {
    "cfg": {
      "mode": "raw_fallback"
    },
    "cal_mae": 7.706130027770996,
    "metrics": {
      "mae": [
        60.10684585571289,
        1.8874157667160034
      ],
      "rmse": [
        87.52955627441406,
        2.8247997760772705
      ],
      "r2": [
        0.5326315275052231,
        0.5969471695312827
      ],
      "picp": [
        0.2866666666666667,
        0.9005555555555556
      ],
      "mpiw": [
        49.4881591796875,
        10.948294639587402
      ],
      "transition_mae": [
        64.57231903076172,
        1.2920490503311157
      ],
      "steady_mae": [
        71.95146179199219,
        2.3893775939941406
      ]
    }
  }
}