{
  "split_info": {
    "n_train": 5400,
    "n_cal": 1800,
    "n_test": 1800,
    "transition_threshold": 0.022444926761090757,
    "transition_count_test": 1056,
    "steady_count_test": 6
  },
  "raw_svr": {
    "cfg": {
      "C": 10.0,
      "epsilon": 0.1
    },
    "cal_mae": 25.580219268798828,
    "metrics": {
      "mae": [
        63.0811767578125,
        1.4199457168579102
      ],
      "rmse": [
        78.78264617919922,
        1.6723805665969849
      ],
      "r2": [
        0.6268101224960123,
        -4.068393143578502
      ],
      "picp": [
        0.9294444444444444,
        1.0
      ],
      "mpiw": [
        208.27294921875,
        13.288254737854004
      ],
      "transition_mae": [
        61.31709671020508,
        1.331122636795044
      ],
      "steady_mae": [
        86.0680160522461,
        1.1699713468551636
      ]
    }
  },
  "temporal_svr": {
    "cfg": {
      "C": 10.0,
      "epsilon": 0.05
    },
    "cal_mae": 25.52020835876465,
    "metrics": {
      "mae": [
        62.86324691772461,
        1.4128817319869995
      ],
      "rmse": [
        78.69097137451172,
        1.6464011669158936
      ],
      "r2": [
        0.6276775542806262,
        -3.912157322713796
      ],
      "picp": [
        0.9327777777777778,
        1.0
      ],
      "mpiw": [
        208.76502990722656,
        13.040694236755371
      ],
      "transition_mae": [
        61.143646240234375,
        1.3307141065597534
      ],
      "steady_mae": [
        85.93994140625,
        1.1734614372253418
      ]
    }
  },
  "route_b": {
    "cfg": {
      "expert_idx": 27,
      "score_type": "diff_mean_abs",
      "threshold_source": "train",
      "gate_mode": "binary",
      "quantile": 0.7,
      "delta_clip_quantile": 1.0,
      "g_co": 1.25,
      "g_eth": 0.5,
      "expert": {
        "blend_name": "raw_temporal_temporal_biased",
        "member_indices": [
          6,
          10
        ],
        "member_families": [
          "weighted_raw",
          "weighted_temporal"
        ],
        "weights": [
          0.3499999940395355,
          0.6499999761581421
        ]
      },
      "expert_family": "blend_expert",
      "fallback_raw": false
    },
    "cal_mae": 25.438077926635742,
    "lag_proxy": {
      "raw_train": 0.0,
      "route_b_train": 0.0,
      "worsen_pct": 0.0
    },
    "metrics": {
      "mae": [
        62.37120056152344,
        1.39044988155365
      ],
      "rmse": [
        78.2848892211914,
        1.6199402809143066
      ],
      "r2": [
        0.6315105819462487,
        -3.755518894289211
      ],
      "picp": [
        0.9316666666666666,
        1.0
      ],
      "mpiw": [
        208.14791870117188,
        13.288427352905273
      ],
      "transition_mae": [
        60.10697937011719,
        1.2808457612991333
      ],
      "steady_mae": [
        86.0680160522461,
        1.1699713468551636
      ]
    },
    "gate_seed": {
      "full_noninferior": true,
      "transition_improve_pct": 2.0118596006737333,
      "transition_ok": true,
      "picp_drop_max": 0.0,
      "picp_ok": true,
      "all_ok": true
    }
  },
  "route_c": {
    "cfg": {
      "mode": "raw_fallback"
    },
    "cal_mae": 25.580219268798828,
    "metrics": {
      "mae": [
        63.0811767578125,
        1.4199457168579102
      ],
      "rmse": [
        78.78264617919922,
        1.6723805665969849
      ],
      "r2": [
        0.6268101224960123,
        -4.068393143578502
      ],
      "picp": [
        0.9294444444444444,
        1.0
      ],
      "mpiw": [
        208.27294921875,
        13.288254737854004
      ],
      "transition_mae": [
        61.31709671020508,
        1.331122636795044
      ],
      "steady_mae": [
        86.0680160522461,
        1.1699713468551636
      ]
    }
  }
}