{
  "split_info": {
    "n_train": 5400,
    "n_cal": 1800,
    "n_test": 1800,
    "transition_threshold": 0.023868704959750176,
    "transition_count_test": 598,
    "steady_count_test": 434
  },
  "raw_svr": {
    "cfg": {
      "C": 10.0,
      "epsilon": 0.05
    },
    "cal_mae": 19.852947235107422,
    "metrics": {
      "mae": [
        22.32512664794922,
        1.1784557104110718
      ],
      "rmse": [
        45.42529296875,
        3.599602460861206
      ],
      "r2": [
        0.893988746470785,
        0.5237495592967254
      ],
      "picp": [
        0.9366666666666666,
        0.94
      ],
      "mpiw": [
        140.60267639160156,
        13.025405883789062
      ],
      "transition_mae": [
        27.551774978637695,
        0.9769942164421082
      ],
      "steady_mae": [
        8.520125389099121,
        1.987823247909546
      ]
    }
  },
  "temporal_svr": {
    "cfg": {
      "C": 10.0,
      "epsilon": 0.05
    },
    "cal_mae": 19.490585327148438,
    "metrics": {
      "mae": [
        22.256271362304688,
        1.1907376050949097
      ],
      "rmse": [
        45.56238555908203,
        3.6080281734466553
      ],
      "r2": [
        0.8933478221903567,
        0.5215172077678638
      ],
      "picp": [
        0.9333333333333333,
        0.9405555555555556
      ],
      "mpiw": [
        136.40647888183594,
        13.379778861999512
      ],
      "transition_mae": [
        27.47311019897461,
        0.9998955726623535
      ],
      "steady_mae": [
        8.58515453338623,
        1.9930427074432373
      ]
    }
  },
  "route_b": {
    "cfg": {
      "expert_idx": 27,
      "score_type": "diff_mean_abs",
      "threshold_source": "train",
      "gate_mode": "binary",
      "quantile": 0.7,
      "delta_clip_quantile": 1.0,
      "g_co": 1.25,
      "g_eth": 0.5,
      "expert": {
        "blend_name": "raw_temporal_temporal_biased",
        "member_indices": [
          6,
          10
        ],
        "member_families": [
          "weighted_raw",
          "weighted_temporal"
        ],
        "weights": [
          0.3499999940395355,
          0.6499999761581421
        ]
      },
      "expert_family": "blend_expert",
      "fallback_raw": false
    },
    "cal_mae": 19.52764892578125,
    "lag_proxy": {
      "raw_train": 0.0,
      "route_b_train": 0.0,
      "worsen_pct": 0.0
    },
    "metrics": {
      "mae": [
        21.710548400878906,
        1.1938778162002563
      ],
      "rmse": [
        44.8681755065918,
        3.5995192527770996
      ],
      "r2": [
        0.8965731579295881,
        0.5237713751058884
      ],
      "picp": [
        0.94,
        0.9394444444444444
      ],
      "mpiw": [
        140.57716369628906,
        12.925945281982422
      ],
      "transition_mae": [
        25.701921463012695,
        1.0234160423278809
      ],
      "steady_mae": [
        8.520125389099121,
        1.987823247909546
      ]
    },
    "gate_seed": {
      "full_noninferior": true,
      "transition_improve_pct": 6.321449332101325,
      "transition_ok": true,
      "picp_drop_max": 0.0005555555555555314,
      "picp_ok": true,
      "all_ok": true
    }
  },
  "route_c": {
    "cfg": {
      "mode": "raw_fallback"
    },
    "cal_mae": 19.852947235107422,
    "metrics": {
      "mae": [
        22.32512664794922,
        1.1784557104110718
      ],
      "rmse": [
        45.42529296875,
        3.599602460861206
      ],
      "r2": [
        0.893988746470785,
        0.5237495592967254
      ],
      "picp": [
        0.9366666666666666,
        0.94
      ],
      "mpiw": [
        140.60267639160156,
        13.025405883789062
      ],
      "transition_mae": [
        27.551774978637695,
        0.9769942164421082
      ],
      "steady_mae": [
        8.520125389099121,
        1.987823247909546
      ]
    }
  }
}