{
  "seeds": [
    1,
    2,
    3,
    4,
    5,
    6,
    7,
    8,
    9,
    10,
    11,
    12,
    13,
    14,
    15,
    16,
    17,
    18,
    19,
    20,
    21,
    22,
    23,
    24,
    25,
    26,
    27,
    28,
    29,
    30
  ],
  "n_seeds": 30,
  "mean_transition_improve_pct": 1.0804868892715516,
  "mean_transition_improve_pct_ci95": [
    -0.05103354375417313,
    2.2120073222972763
  ],
  "mean_transition_delta_abs": 0.3142501284678777,
  "mean_transition_delta_abs_ci95": [
    0.009245840265677319,
    0.6192544166700781
  ],
  "mean_full_mae_delta_abs": 0.14488542675971985,
  "mean_full_mae_delta_abs_ci95": [
    -0.0009657482744322987,
    0.290736601793872
  ],
  "all_gate_pass_rate": 0.3,
  "full_noninferior_rate": 0.7666666666666667,
  "transition_ge_2pct_rate": 0.3,
  "picp_ok_rate": 0.9666666666666667,
  "fallback_rate": 0.5666666666666667,
  "transition_count_test_mean": 858.5333333333333,
  "transition_count_test_min": 130,
  "transition_count_test_max": 1451,
  "n_pass_without_fallback": 8,
  "n_pass_with_fallback": 1,
  "n_transition_fail_no_fallback": 3,
  "n_transition_fail_with_fallback": 11,
  "n_full_fail": 7
}