{
  "split_info": {
    "n_train": 5400,
    "n_cal": 1800,
    "n_test": 1800,
    "transition_threshold": 0.022812718339264394,
    "transition_count_test": 187,
    "steady_count_test": 1293
  },
  "raw_svr": {
    "cfg": {
      "C": 10.0,
      "epsilon": 0.05
    },
    "cal_mae": 13.931134223937988,
    "metrics": {
      "mae": [
        19.64042091369629,
        2.6934854984283447
      ],
      "rmse": [
        38.900779724121094,
        4.896778583526611
      ],
      "r2": [
        0.5733122847432341,
        0.2849876323606608
      ],
      "picp": [
        0.8883333333333333,
        0.625
      ],
      "mpiw": [
        98.99974060058594,
        2.0904541015625
      ],
      "transition_mae": [
        48.15958023071289,
        3.513972520828247
      ],
      "steady_mae": [
        16.332504272460938,
        2.6308839321136475
      ]
    }
  },
  "temporal_svr": {
    "cfg": {
      "C": 10.0,
      "epsilon": 0.05
    },
    "cal_mae": 13.849743843078613,
    "metrics": {
      "mae": [
        19.53219985961914,
        2.7708587646484375
      ],
      "rmse": [
        39.144248962402344,
        4.966762065887451
      ],
      "r2": [
        0.5679546220155219,
        0.26440184163416425
      ],
      "picp": [
        0.8894444444444445,
        0.6216666666666667
      ],
      "mpiw": [
        98.58799743652344,
        2.1107215881347656
      ],
      "transition_mae": [
        48.86909484863281,
        3.544279098510742
      ],
      "steady_mae": [
        16.236591339111328,
        2.714015483856201
      ]
    }
  },
  "route_b": {
    "cfg": {
      "expert_idx": 27,
      "score_type": "diff_mean_abs",
      "threshold_source": "train",
      "gate_mode": "binary",
      "quantile": 0.7,
      "delta_clip_quantile": 1.0,
      "g_co": 1.25,
      "g_eth": 0.5,
      "expert": {
        "blend_name": "raw_temporal_temporal_biased",
        "member_indices": [
          6,
          10
        ],
        "member_families": [
          "weighted_raw",
          "weighted_temporal"
        ],
        "weights": [
          0.3499999940395355,
          0.6499999761581421
        ]
      },
      "expert_family": "blend_expert",
      "fallback_raw": false
    },
    "cal_mae": 13.93167495727539,
    "lag_proxy": {
      "raw_train": 0.0,
      "route_b_train": 0.0,
      "worsen_pct": 0.0
    },
    "metrics": {
      "mae": [
        19.511436462402344,
        2.693981885910034
      ],
      "rmse": [
        38.84706497192383,
        4.89567756652832
      ],
      "r2": [
        0.5744898356394439,
        0.28530911850673046
      ],
      "picp": [
        0.89,
        0.6238888888888889
      ],
      "mpiw": [
        100.21876525878906,
        2.090402126312256
      ],
      "transition_mae": [
        46.918025970458984,
        3.518749475479126
      ],
      "steady_mae": [
        16.332504272460938,
        2.6308839321136475
      ]
    },
    "gate_seed": {
      "full_noninferior": true,
      "transition_improve_pct": 2.3934435310645314,
      "transition_ok": true,
      "picp_drop_max": 0.0011111111111110628,
      "picp_ok": true,
      "all_ok": true
    }
  },
  "route_c": {
    "cfg": {
      "mode": "raw_fallback"
    },
    "cal_mae": 13.931134223937988,
    "metrics": {
      "mae": [
        19.64042091369629,
        2.6934854984283447
      ],
      "rmse": [
        38.900779724121094,
        4.896778583526611
      ],
      "r2": [
        0.5733122847432341,
        0.2849876323606608
      ],
      "picp": [
        0.8883333333333333,
        0.625
      ],
      "mpiw": [
        98.99974060058594,
        2.0904541015625
      ],
      "transition_mae": [
        48.15958023071289,
        3.513972520828247
      ],
      "steady_mae": [
        16.332504272460938,
        2.6308839321136475
      ]
    }
  }
}