{
  "split_info": {
    "n_train": 5400,
    "n_cal": 1800,
    "n_test": 1800,
    "transition_threshold": 0.021265360713005065,
    "transition_count_test": 306,
    "steady_count_test": 1129
  },
  "raw_svr": {
    "cfg": {
      "C": 10.0,
      "epsilon": 0.05
    },
    "cal_mae": 15.62535285949707,
    "metrics": {
      "mae": [
        39.514801025390625,
        2.603515386581421
      ],
      "rmse": [
        62.631683349609375,
        3.7640371322631836
      ],
      "r2": [
        0.3563554840325197,
        0.26729582335563373
      ],
      "picp": [
        0.8622222222222222,
        0.9511111111111111
      ],
      "mpiw": [
        100.7481689453125,
        16.726348876953125
      ],
      "transition_mae": [
        36.97746276855469,
        2.895089626312256
      ],
      "steady_mae": [
        41.24415969848633,
        2.383769989013672
      ]
    }
  },
  "temporal_svr": {
    "cfg": {
      "C": 10.0,
      "epsilon": 0.1
    },
    "cal_mae": 15.843194007873535,
    "metrics": {
      "mae": [
        40.19223403930664,
        2.6606943607330322
      ],
      "rmse": [
        62.896148681640625,
        3.758368730545044
      ],
      "r2": [
        0.35090831956345747,
        0.2695009150659232
      ],
      "picp": [
        0.8761111111111111,
        0.9533333333333334
      ],
      "mpiw": [
        101.1326904296875,
        16.90969467163086
      ],
      "transition_mae": [
        36.674415588378906,
        2.9822943210601807
      ],
      "steady_mae": [
        42.19078063964844,
        2.4338181018829346
      ]
    }
  },
  "route_b": {
    "cfg": {
      "expert_idx": 27,
      "score_type": "diff_mean_abs",
      "threshold_source": "train",
      "gate_mode": "binary",
      "quantile": 0.7,
      "delta_clip_quantile": 1.0,
      "g_co": 1.25,
      "g_eth": 0.5,
      "expert": {
        "blend_name": "raw_temporal_temporal_biased",
        "member_indices": [
          6,
          10
        ],
        "member_families": [
          "weighted_raw",
          "weighted_temporal"
        ],
        "weights": [
          0.3499999940395355,
          0.6499999761581421
        ]
      },
      "expert_family": "blend_expert",
      "fallback_raw": false
    },
    "cal_mae": 15.32106876373291,
    "lag_proxy": {
      "raw_train": 0.0,
      "route_b_train": 0.0,
      "worsen_pct": 0.0
    },
    "metrics": {
      "mae": [
        39.273624420166016,
        2.6227104663848877
      ],
      "rmse": [
        62.36299133300781,
        3.7781012058258057
      ],
      "r2": [
        0.36186604751069784,
        0.2618104220436446
      ],
      "picp": [
        0.8561111111111112,
        0.9516666666666667
      ],
      "mpiw": [
        97.28709411621094,
        16.754310607910156
      ],
      "transition_mae": [
        35.55891418457031,
        3.0079991817474365
      ],
      "steady_mae": [
        41.24415969848633,
        2.383769989013672
      ]
    },
    "gate_seed": {
      "full_noninferior": true,
      "transition_improve_pct": 3.27453084923957,
      "transition_ok": true,
      "picp_drop_max": 0.006111111111111067,
      "picp_ok": true,
      "all_ok": true
    }
  },
  "route_c": {
    "cfg": {
      "mode": "raw_fallback"
    },
    "cal_mae": 15.62535285949707,
    "metrics": {
      "mae": [
        39.514801025390625,
        2.603515386581421
      ],
      "rmse": [
        62.631683349609375,
        3.7640371322631836
      ],
      "r2": [
        0.3563554840325197,
        0.26729582335563373
      ],
      "picp": [
        0.8622222222222222,
        0.9511111111111111
      ],
      "mpiw": [
        100.7481689453125,
        16.726348876953125
      ],
      "transition_mae": [
        36.97746276855469,
        2.895089626312256
      ],
      "steady_mae": [
        41.24415969848633,
        2.383769989013672
      ]
    }
  }
}